{
    "tam": 12.582204540196344,
    "ibo": 12.444376462116795,
    "fin": 12.255620022618674,
    "mai": 12.731414139356422,
    "pap": 12.252304008535354,
    "sqi": 12.641597916075442,
    "twi": 12.566233125848115,
    "srm": 12.047763185345206,
    "fra": 12.525413163335497,
    "car": 11.726909749605628,
    "fas": 12.092137788908875,
    "cab": 12.058955813169426,
    "yor": 12.611067997011228,
    "kor": 12.309452310539307,
    "mfe": 12.551361490450184,
    "fuv": 12.71401727587377,
    "yom": 12.317300353234216,
    "bzj": 12.02042880594942,
    "mlg": 12.593357094815993,
    "zul": 12.29321238733755,
    "swh": 12.677525999123956,
    "por": 12.468759439539673,
    "ewe": 11.85626452300555,
    "srn": 12.556211723727834,
    "pcm": 12.65842922004428,
    "kri": 12.30830167990213,
    "hat": 12.67868193708649,
    "jam": 12.57474205956471,
    "spa": 12.70465937891835,
    "fon": 12.236478012535356,
    "guc": 11.825296935383884,
    "tpi": 12.331916941037955,
    "djk": 12.002887577544003,
    "acf": 12.347699464362094,
    "ktu": 12.585685266948445,
    "crs": 12.74149655777179,
    "gul": 12.889111103879777,
    "icr": 12.10166604410419,
    "sag": 12.918394507035206
}